{"cameraMode":{"drawMode":0,"name":"Shaded","section":"Shading Mode"},"sceneLighting":false,"audioPlay":false,"sceneViewState":{"showFog":true,"showMaterialUpdate":false,"showSkybox":false,"showFlares":true,"showImageEffects":true,"showParticleSystems":true},"in2DMode":false,"pivot":{"x":3.2015902996063234,"y":-10.708404541015625,"z":-0.19620874524116517},"rotation":{"x":-0.4058147668838501,"y":-0.5928135514259338,"z":0.4646703600883484,"w":-0.5177243947982788},"size":17.23136329650879,"orthographic":false}