{"cameraMode":{"drawMode":0,"name":"Shaded","section":"Shading Mode"},"sceneLighting":false,"audioPlay":false,"sceneViewState":{"showFog":true,"showMaterialUpdate":false,"showSkybox":false,"showFlares":true,"showImageEffects":true,"showParticleSystems":true},"in2DMode":false,"pivot":{"x":-8.579699516296387,"y":-0.9377514719963074,"z":-0.0986030101776123},"rotation":{"x":0.0585482232272625,"y":-0.7275677919387817,"z":0.06258872896432877,"w":0.6806674599647522},"size":10.28549575805664,"orthographic":false}