{"cameraMode":{"drawMode":0,"name":"Shaded","section":"Shading Mode"},"sceneLighting":true,"audioPlay":false,"sceneViewState":{"showFog":true,"showMaterialUpdate":true,"showSkybox":true,"showFlares":true,"showImageEffects":true,"showParticleSystems":true},"in2DMode":false,"pivot":{"x":19.94451141357422,"y":-74.63874816894531,"z":96.12725830078125},"rotation":{"x":-0.2895813584327698,"y":-0.05682568997144699,"z":0.017197798937559129,"w":-0.955351710319519},"size":175.00918579101563,"orthographic":false}